Category,Software,Current Major,Requested Version,Purpose,Approval Status,
Workstation,pnpm,none,10.34.6,Package manager,need srf - nice to have / can wait,
Workstation,only-allow,none,1.2.2,Makes a project insist on pnpm,need srf - nice to have / can wait,
Workstation,VS Code ext: Angular Language Service,none,22.2.0,Angular template editing support,need srf - nice to have / can wait,
Workstation,VS Code ext: ESLint,none,3.0.34,Lint errors in the editor,need srf - nice to have / can wait,
Workstation,VS Code ext: Prettier,none,12.4.0,Format on save,need srf - nice to have / can wait,
Workstation,VS Code ext: Python / Pylance / Python Debugger / Python Environments,none,2026.6.0 / 2026.4.1 / 2026.6.0 / 1.38.0,"Python editing, IntelliSense, debugging, environments",need srf - nice to have / can wait,
Workstation,VS Code ext: Black Formatter,none,2026.6.0,Python code formatting,need srf - nice to have / can wait,
Workstation,uv,none,0.12.21,Python package and project manager,need srf - nice to have / can wait,
Node server,Prisma (CLI and Client),none,7.10.0,Database ORM and migrations,need srf - nice to have / can wait,
Build tooling,"Nx (+ @nx/angular, @nx/express)",none,23.1.2,"Monorepo build orchestration (optional, per app)",need srf - nice to have / can wait,
Workstation,Node.js,"24, 25",24.21.0,JavaScript runtime,MAJOR ALREADY APPROVED,
Workstation,npm,11,11.19.0,Package manager (comes with Node),MAJOR ALREADY APPROVED,
Workstation,VS Code,1,1.140.0,Code editor,MAJOR ALREADY APPROVED,
Workstation,Python (RHEL 9 media version),3,3.12,Python runtime,MAJOR ALREADY APPROVED,
Framework,RxJS,7,7.8.1,Reactive programming (observables),MAJOR ALREADY APPROVED,
Framework,zone.js,0,0.15.0,Angular change detection,MAJOR ALREADY APPROVED,
Framework,tslib,2,2.8.1,TypeScript runtime helpers,MAJOR ALREADY APPROVED,
Authentication,keycloak-connect,26,26.1.1,Keycloak adapter for Node/Express,MAJOR ALREADY APPROVED,
Messaging / real-time,STOMP.js (@stomp/stompjs),7,7.2.0,STOMP messaging over WebSockets,MAJOR ALREADY APPROVED,
Messaging / real-time,RxStomp (@stomp/rx-stomp),2,2.2.0,RxJS wrapper for STOMP,MAJOR ALREADY APPROVED,
Messaging / real-time,SockJS / SockJS Client,0 / 1,0.3.24 / 1.6.1,WebSocket fallback transport (server / browser),MAJOR ALREADY APPROVED,
Messaging / real-time,ws,8,8.22.0,WebSocket library for Node,MAJOR ALREADY APPROVED,
Messaging / real-time,amqplib,0,0.10.5,RabbitMQ client for Node,MAJOR ALREADY APPROVED,
Messaging / real-time,uuid,11,11.1.1,Unique ID generation,MAJOR ALREADY APPROVED,
Node server,express-session,1,1.19.0,Session handling,MAJOR ALREADY APPROVED,
Node server,compression,1,1.8.2,HTTP response compression,MAJOR ALREADY APPROVED,
Node server,cors,2,2.8.5,Cross-origin request handling,MAJOR ALREADY APPROVED,
Node server,dotenv,16,16.4.5,Loads configuration from .env files,MAJOR ALREADY APPROVED,
Node server,pg,8,8.13.1,PostgreSQL client,MAJOR ALREADY APPROVED,
Node server,Lodash,4,4.18.1,General utility functions,MAJOR ALREADY APPROVED,
Node server,Luxon,3,3.2.1,Date and time handling,MAJOR ALREADY APPROVED,
Node server,node-forge,1,1.4.0,Cryptography and certificate utilities,MAJOR ALREADY APPROVED,
Styling,PostCSS,8,8.5.28,CSS processing,MAJOR ALREADY APPROVED,
Styling,Autoprefixer,10,10.4.20,Adds browser-specific CSS prefixes,MAJOR ALREADY APPROVED,
Build tooling,esbuild,0,0.25.0,Fast JavaScript bundler and transpiler,MAJOR ALREADY APPROVED,
Build tooling,Babel Core / Babel Preset Env,7 both,7.29.7 / 7.26.9,JavaScript transpiling (used by Jest),MAJOR ALREADY APPROVED,
Testing,ts-jest,29,29.4.12,Runs TypeScript tests in Jest,MAJOR ALREADY APPROVED,
Testing,istanbul-lib-instrument,6,6.0.3,Code coverage instrumentation,MAJOR ALREADY APPROVED,
Lint / format,typescript-eslint (+ parser and plugin),8,8.71.0,TypeScript lint rules,MAJOR ALREADY APPROVED,
Lint / format,eslint-plugin-unused-imports,4,4.1.4,Flags unused imports,MAJOR ALREADY APPROVED,
Lint / format,eslint-config-prettier,10,10.1.5,Stops ESLint and Prettier conflicting,MAJOR ALREADY APPROVED,
Lint / format,Prettier,3,3.2.5,Code formatting,MAJOR ALREADY APPROVED,
Type definitions,@types/node,"24, 25",24.19.0,TypeScript typings for Node,MAJOR ALREADY APPROVED,
Type definitions,@types/express,5,5.0.0,TypeScript typings for Express,MAJOR ALREADY APPROVED,
Type definitions,@types/cors,2,2.8.17,TypeScript typings for cors,MAJOR ALREADY APPROVED,
Type definitions,@types/lodash,4,4.17.0,TypeScript typings,MAJOR ALREADY APPROVED,
Type definitions,@types/pg,8,8.11.11,TypeScript typings,MAJOR ALREADY APPROVED,
Type definitions,@types/ws,8,8.5.14,TypeScript typings,MAJOR ALREADY APPROVED,
Type definitions,@types/amqplib,0,0.10.6,TypeScript typings,MAJOR ALREADY APPROVED,
Workstation,TypeScript,5,6.0.3,The greatest coding language of all time,MAJOR BUMP SRF NEEDED,"ask duby - one big srf, or 17 separate?"
Framework,AstroUXDS Angular,7,9.0.0,Astro design system components for Angular,MAJOR BUMP SRF NEEDED,
Framework,AstroUXDS Web Components,7,8.0.0,Astro design system core components,MAJOR BUMP SRF NEEDED,
Framework,ng-packagr,17,22.2.1,Builds shareable Angular libraries,MAJOR BUMP SRF NEEDED,
State management,"NgRx (Store, Effects, Entity, Router Store, Signals, Operators, Store DevTools)",17,22.0.1,Application state management,MAJOR BUMP SRF NEEDED,
Authentication,keycloak-angular,15,22.0.0,Angular integration for keycloak-js,MAJOR BUMP SRF NEEDED,
Authentication,keycloak-js,23,26.2.4,Keycloak login client for the browser,MAJOR BUMP SRF NEEDED,
Node server,Express,4,5.2.1,Web server framework,MAJOR BUMP SRF NEEDED,
Styling,Tailwind CSS (+ @tailwindcss/postcss),3,4.0.0,Utility-first CSS,MAJOR BUMP SRF NEEDED,
Build tooling,Vite,5,6.4.3,Dev server and bundler,MAJOR BUMP SRF NEEDED,
Testing,Jest,29,30.5.2,Unit testing,MAJOR BUMP SRF NEEDED,
Testing,jest-environment-jsdom,29,30.5.2,Runs Jest tests in a simulated browser,MAJOR BUMP SRF NEEDED,
Testing,jest-preset-angular,14,16.2.0,Jest setup for Angular,MAJOR BUMP SRF NEEDED,
Testing,babel-jest,29,30.5.2,Babel transform for Jest,MAJOR BUMP SRF NEEDED,
Testing,jsdom,20,26.1.0,Simulated browser DOM for tests,MAJOR BUMP SRF NEEDED,
Testing,Cypress,13,16.1.1,End-to-end and component testing,MAJOR BUMP SRF NEEDED,
Lint / format,ESLint (+ @eslint/js),8,9.39.5,Code linting,MAJOR BUMP SRF NEEDED,
Type definitions,@types/jest,29,30.0.0,TypeScript typings for Jest,MAJOR BUMP SRF NEEDED,
Framework,"Angular (core, common, compiler, forms, router, animations, platform-browser, platform-browser-dynamic, platform-server)",17,22.2.1,Web application framework,MAJOR BUMP SRF SUBMITTED,
Framework,Angular SSR,17,22.2.1,Server-side rendering,MAJOR BUMP SRF SUBMITTED,
Framework,Angular CLI,17,22.2.1,"Project generation, builds and upgrades",MAJOR BUMP SRF SUBMITTED,
Framework,Angular Build (@angular/build),17,22.2.1,Current Angular build system (esbuild/Vite),MAJOR BUMP SRF SUBMITTED,
Framework,Angular Build Angular (@angular-devkit/build-angular),17,22.2.1,Older webpack-based build system (kept for legacy app parity),MAJOR BUMP SRF SUBMITTED,
Framework,Angular Compiler CLI,17,22.2.1,Ahead-of-time template compiler,MAJOR BUMP SRF SUBMITTED,
Framework,Angular Material,17,22.2.1,UI component library,MAJOR BUMP SRF SUBMITTED,
Framework,Angular CDK,17,22.2.1,Component development kit (Material's foundation),MAJOR BUMP SRF SUBMITTED,
Messaging / real-time,KafkaJS,none,2.2.4,Kafka client for Node,NEW SRF NEEDED,
Testing,Vitest (+ @vitest/coverage-v8),none,4.1.11,Unit testing (Angular's newer default) and coverage,NEW SRF NEEDED,
Testing,Playwright (@playwright/test),none,1.63.0,End-to-end browser testing (Chromium),NEW SRF NEEDED,
Lint / format,angular-eslint,none,22.2.0,Angular lint rules,NEW SRF NEEDED,
Lint / format,Sheriff (@softarc/sheriff-core + ESLint plugin),none,0.19.6,Enforces module boundaries,NEW SRF NEEDED,
